Crime,Datetime,Description,Location,Neighborhood,Suspect Actions,Weapon,Number,@Photos
Aggravated assault,"8 p.m. January 1, 2019",Multiple suspects overwhelmed the 29-year-old gay black male victim. They attacked him from his back and knocked him off the ground and used profanities and racial slurs against him.,"Intersection of 81st and Broadway St., Los Angeles",Florence,Official hate crime,Strong arm,,
Vandalism (Misdemeanor),"11:30 p.m. January 7, 2019","The suspect vandalized property at Marmion Apartments, resulting in damage of $400 or less.","3500 block of Marmion Way, Los Angeles",Cypress Park,Official hate crime,No weapon used,,
Simple Assault,"11 p.m. January 9, 2019","The suspect assaulted the 59-year-old black disabled male victim near the Wilshire/Vermont metro station, while shouting an ""unusual"" statement at him. The suspect did not know the victim prior to the crime.","3100 block of Wilshire Blvd., Los Angeles",Koreatown,Official hate crime,Strong-arm,,
Aggravated assault,"5:25 p.m. Jan 10, 2019",The suspect assaulted the 18-year-old Latinx female victim with a vehicle.,"800 block of South La Brea Ave., Los Angeles",Mid-Wilshire,Official hate crime,,,
Vandalism (Misdemeanor),"2:30 p.m. January 11, 2019","The suspect vandalized the Carson-Gore Academy of Environmental Studies, resulting in damage of $400 or less.","3200 block of West Washington Blvd., Los Angeles",Arlington Heights,Official hate crime,No weapon used,,
Other assault,"3:55 p.m. January 14, 2019","The suspect spat on the 17-year-old white male victim, while using profanities and racial slurs. The victim was a student.","8500 block of West Pico Blvd., Los Angeles",Carthay,Official hate crime,Unknown weapon,,
Robbery,"1:15 a.m. January 17, 2019","The suspect robbed the 49-year-old white male victim near a hotel. The suspect, who was homeless, was soon arrested.","4400 block of West Pico Blvd., Mid City",,Official hate crime,Strong-arm,,
Simple assault,"7:30 p.m. January 23, 2019",The suspect hit the 27-year-old Hispanic male victim with a stick while shouting profanities at him. Both the suspect and the victim were homeless.,"500 block of North Spring St., Los Angeles",Downtown,OffIcial hate crime,Stick,,
Simple assault,"3:30 p.m. January 24, 2019",The suspected pushed the 41-year-old white female victim due to a gang-related issue. The victim knew the suspect before the crime.,"Beverly-Union bus stop, Los Angeles",,Official hate crime,Strong-arm,,
Simple Assault,"3:30 p.m. January 24, 2019",The suspect attacked the 42-year-old transgender* white female victim. The suspect knew the victim prior to the crime and may be affiliated with a gang.,"Beverly-Union bus stop, Los Angeles",Westlake,Official hate crime,Strong-arm,,
Robbery,"01:00 a.m. January 27, 2019","The suspect and victim first met through an online chatting site. When they arrived at a hotel, the suspect hit the 36-year-old gay Hispanic male victim and robbed him.","11300 block of Burbank Blvd., Los Angeles",North Hollywood,Official hate crime,Strong-arm,,
Throwing object at moving vehicle,"04:47 p.m. January 28, 2019",The suspects threw a bottle at the 48-year-old black female victim while shouting racial slurs and profanities. Both the suspects and the victims were driving.,"Intersection between Santa Monica Blvd. and Ave. of the Stars, Los Angeles",Century City,Official hate crime,Bottle,,
Trespassing,"04:40 a.m. January 29, 2019",The suspect entered the Holy Martyrs Armenian High School without permission.,"5300 block of White Oak Ave., Los Angeles",Encino,Official hate crime,No weapon used,,
Vandalism (Misdemeanor),"09:30 a.m. January 29, 2019","The suspect vandalized the nearby Temple Judea synagogue, resulting in damage worth $400 or less.","5500 block of Reseda Blvd., Los Angeles",Tarzana,Official hate crime,No weapon used,,
"Criminal threats, no weapon displayed","06:55 p.m. January 30, 2019",The suspect threatened to kill the 18-year-old male victim while using hate-related language. Both were passengers on the Metro Expo Line. The suspect was more than 60-years-old and wore a hat or cap.,"3400 block of Exposition  Blvd., Los Angeles",Leimert Park,Official hate crime,Verbal threat,,
Vandalism (Felony),"10:00 p.m. January 30, 2019","The suspect vandalized the car of the 33-year-old black gay male victim while using hate-related language, causing over $400 dollars worth of damage.","29th St. and Crenshaw, Los Angeles",Jefferson Park,Official hate crime,No weapon used,,
Vandalism (Felony),"00:01 a.m. January 31, 2019","The suspect vandalized the apartment of the 47-year-old black male victim, damaging properties over $400 in value.","1100 block of Wilshire Blvd., Los Angeles",Westlake,"Official hate crime, hate incident",No weapon used,,
"Criminal threats, no weapon displayed","03:00 p.m. February 7, 2019",The suspect threatened to kill the 28-year-old white female victim.,"300 block of South Detroit St., Los Angeles",Mid-Wilshire,Official hate crime,Verbal threat,,
Aggravated assault,"10:20 p.m. February 10, 2019",The suspect hit the 28-year-old black male victim with a car.,"Intersection between Arroyo Verde Rd. and Marmion Way,  Los Angeles",South Pasadena,Official hate crime,Vehicle,,
Vandalism (Misdemeanor),"03:40 a.m. February 11, 2019","The suspect painted graffiti on the wall of Emme Incorporated, a local clothing store. It caused under $399 worth of damage. The victim was a 34-year-old hispanic male.","1400 South Flower St., Los Angeles",Downtown LA,Official hate crime,No weapon used,,
Vandalism,"06:00 a.m. February 11, 2019","The suspect vandalized the car of the 46-year-old Asian female victim and caused over $400 worth of damages, after the victim was removed from her car.","11600 block of San Vincente Blvd., Los Angeles",Brentwood,Official hate crime,No weapon used,,
Lewd letter/telephone call,"02:15 p.m. February 14, 2019",The suspect sent a lewd letter/telephone call to the 40-year-old white female victim.,"7600 block of Beverly Blvd., Los Angeles",Fairfax,Official hate crime,No weapon used,,
Simple assault,"05:25 a.m. February 15, 2019",The suspect assaulted the 41-year-old Hispanic male victim at the bus station. Both the suspect and the victim were homeless/transient.,"Cesar Chavez Ave. and Alameda St. Bus Station, Los Angeles",Chinatown,Official hate crime,Strong arm,,
Brandish a weapon,"04:40 p.m. February 16, 2019",The suspect intimidated and threatened to kill the 44-year-old hispanic male victim on the sidewalk.,"Intersection between 35th St. and Jefferson Blvd., Los Angeles",Historic South Central,Official hate crime,Handgun,,
Robbery,"09:05 p.m., February 17, 2019","The suspect demanded property (other than money) from the 22-year-old white male victim. The suspect then knocked the victim to the ground, kicking and hitting him with the handgun while using hate-related language.","Intersection of Melrose Ave. and Stanley Ave., Los Angeles",Fairfax,Official hate crime,Handgun,,
Vandalism (Felony),"07:00 p.m. February 18, 2019","The suspect vandalized the West Hollywood United Church of Christ, causing more than $400 worth of damage.","7300 block of West Sunset Blvd., Los Angeles",Hollywood,Official hate crime,No weapon used,,
Miscellaneous crime,"08:45 a.m., February 20, 2019",The suspect vandalized the mailbox of the 35-year-old white male victim and left a written note inside.,"1700 block of North Edgemont St., Los Angeles",Los Feliz,Hate crime,No weapon used,,
Simple assault,"03:45 p.m., February 20, 2019",The suspect hit the 43-year-old white male victim while riding a private/charter school bus together.,"Intersection between Gloria Ave. and Sherman Wy., Los Angeles",Van Nuys,Official hate crime,Strong arm,,
Simple assault,"03:15 a.m. February 21, 2019",The suspect hit the 34-year-old white male victim on the street.,"6800 block of Whitsett Ave., Los Angeles",Valley Glen,Official hate crime,Strong arm,,
Miscellaneous crime,"05:00 p.m. February 21, 2019","The suspect vandalized Art & Soul Tattoo Co., a local tattoo parlor while using racial slurs.","2600 block of South Robertson Blvd., Los Angeles",Mid-City,Official hate crime,No weapon used,,
Vandalism (Misdemeanor),"02:00 p.m. February 22, 2019","The suspect vandalized the truck of the 59-year-old white male victim, causing less than $399 worth of damage.","Intersection between 9th and Walker St., Los Angeles",San Pedro,Official hate crime,No weapon used,,
Criminal threats,"03:20 p.m. February 22, 2019",,"2000 block of South Corning St., Los Angeles",Mid-City,Official hate crime,Strong arm,,
Aggravated assault,"04:24 p.m. February 22, 2019",The suspect brandished and aimed a firearm at the 35-year-old hispanic female victim in a parking lot.,"3600 block of East Olympic Blvd., Los Angeles",Boyle Heights,Official hate crime,Other firearm,,
Criminal threat,"03:42 p.m. March 1, 2019",The suspect threatened to kill an 18-year-old victim of unknown sex and ethnicity by sending a harassing email/text or other electronic communication at John Marshall High School.,"3900 block of Tracy St., Los Angeles",Los Feliz,Official hate crime,Verbal threat,,
Simple assault,"01:35 a.m. March 2, 2019",The suspect hit the 22-year-old white male victim at the sidewalk. There are photographic evidences of the crime.,"6300 block of Hollywood Blvd., Los Angeles",Hollywood,Official hate crime,Strong arm,,
Brandish a weapon,"12:40 a.m. March 3, 2019","The suspect threatened to kill the 36-year-old black female victim, while intimidating her with a weapon.","Intersection between Poinsettia Pl and Sunset Blvd., Los Angeles",Hollywood,Official hate crime,Verbal threat,,
Vandalism (misdemeanor),"11:57 p.m., March 4, 2019","The suspect vandalized the Sotomayor Learning Academies, a complex of high schools and one middle school in the Cypress Park Neighborhood, while using hate-related language. The suspect caused less than $399 worth of damage.","2000 block of North San Fernando Rd., Los Angeles",Cypress Park,Official hate crime,No weapon used,,
Threatening phone calls or /letters,"02:20 p.m. March 5, 2019",The suspect threatened to kill the 63-year-old white female victim.,"20300 block of Ventura Blvd., Los Angeles",Woodland Hills,Official hate crime,Verbal threat,,
Vandalism (felony),"12:00 p.m., March 10, 2019","The suspect vandalized the Church of Scientology of Los Angeles, causing more than $400 worth of damage.","1400 block of North Catalina St., Los Angeles",East Hollywood,Official hate crime,No weapon used,,
Aggravated assault,"02:40 p.m. March 10, 2019",The suspect hit the 35-year-old black male victim at a parking lot.,"18300 block of Oxnard St., Los Angeles",Tarzana,Official hate crime,Other/unknown weapon,,
"Criminal threats, no weapon displayed","08:00 p.m. March 13, 2019","The suspect threatened to kill the 20-year-old male victim of unspecified ethnicity at Petco, a pet supply store.","12800 block of Ventura Blvd., Los Angeles",Studio City,Official hate crime,Verbal threat,,
"Criminal threats, no weapon displayed","03:10 a.m. March 18, 2019","The suspect threatened to harm (other than kill) the 32-year-old white male who was blind, crippled or otherwise unable to take care of himself.","17700 block of Kingsbury St., Los Angeles",Granada Hills,Official hate crime,Verbal threat,,
,,,"Address, Los Angeles",,,,,
,,,"Address, Los Angeles",,,,,
"Criminal threats, no weapons displayed","12: p.m. March 20, 2019",The suspect stabbed a 53-year-old man in his home.,"6300 block of West 6th St., Los Angeles",Beverly Grove,Official hate crime,Verbal threat,,
Miscellaneous crime,"12:20 p.m. March 20, 2019",The suspect gained unauthorized access to Patrick Henry Middle School's computer system. The victim was a 13-year old black boy.,"17300 block of San Jose St., Los Angeles",Granada Hills,Official hate crime,No weapon used,,
Simple assault,"4:20 p.m. March 23, 2019",The suspect hit the 24-year-old Hispanic male victim at an apartment.,"10000 block of Grape St., Los Angeles",Watts,Official hate crime,Strong arm,,
Simple assault,"11:40 p.m. March 23, 2019",The suspect hit the 26-year-old Hispanic male victim near the Hollywood Walk of Fame.,"6700 block of Hollywood Blvd,, Los Angeles",Hollywood,Official hate crime,Strong arm,,
Aggravated assault,"4:30 a.m. March 24, 2019",The transgender suspect pushed the 57-year-old Hispanic male victim out of his vehicle and knocked him to the ground while using profanities. The suspect and victim did not know each other prior to the crime.,"Intersection Slauson Ave. and Figueroa St. , Los Angeles",Vermont-Slauson,Official hate crime,Metal pipe,,
Aggravated assault,"11:50 p.m. March 24, 2019","The suspect attacked the 36-year-old male hispanic victim from his rear at MacArthur Park. The suspect brandished his/her knife before swinging and hitting the victim with it. He/she proceeded to remove the victim's property, all the while using hate-related language. The victim was homeless and under the influence of drugs or liquor.","2200 block of West 6th St., Los Angeles",Westlake,Official hate crime,Knife with blade 6 inches or less in length,,
Vandalism,"11 a.m. March 25, 2019","The suspect vandalized Beverly Drive Dental Care, causing $400 worth of damage or more.","1100 block of South Beverly Dr., Los Angeles",Pico-Robertson,Official hate crime,No weapon used,,
Simple assault,"3:10 p.m. March 25, 2019","The suspect knocked the 47-year-old Hispanic male victim to the ground, kicking and spitting on him while using hate-related language.","Intersection of 22nd St. and Ellendale Pl, Los Angeles",University Park,Official hate crime,Strong arm,,
"Criminal threats, no weapon displayed","2:25 p.m. March 26, 2019",The suspect threatened to harm the 37-year-old male victim while using hate-related language in a car. The suspect also took photos of the victim.,"Intersection of Edinburgh Ave. and Beverly Blvd., Los Angeles",Beverly Grove,Official hate crime,Verbal threat,,
Vandalism,"9:30 p.m. March 26, 2019","The suspect vandalized the 45-year-old female victim's garage, causing $399 worth of damage or less.","14700 block of Greenleaf St., Los Angeles",Sherman Oaks,Official hate crime,No weapon used,,
Vandalism,"6:40 p.m. March 27, 2019","The suspect vandalized the sidewalk, causing $399 worth of damage or less.","17400 block of Ventura Blvd., Los Angeles",Encino,Official hate crime,No weapon used,,
Vandalism,"10 p.m. March 28, 2019","The suspect vandalized Castle Heights Elementary School, causing $400 worth of damage or more.","9700 block of Cattaraugus Ave., Los Angeles",Beverlywood,Official hate crime,No weapon used,,
Aggravated assault,"10:50 p.m. March 28, 2019","The suspect, who is the romantic partner of the 24-year-old black female victim, pointed his/her gun at her in their apartment.","100 block of North Armona Ct., Los Angeles",San Pedro,Official hate crime,Semi-automatic pistol,,
Aggravated assault,"12:45 a.m. March 31, 2019",The suspect hit the 31-year-old black male victim at the Terrace restaurant. The suspect also threw an object at him.,"17239 Ventura Blvd., Los Angeles",Encino,Official hate crime,Strong arm,,
Aggravated assault,"12:45 a.m. March 31, 2019",The suspect hit the 36-year-old Hispanic female victim at the Terrace restaurant. The suspect also threw an object at her.,"17239 Ventura Blvd., Los Angeles",Encino,Official hate crime,Strong arm,,
Simple assault,"12:45 a.m. March 31, 2019",The suspect hit the 46-year-old white male and 32-year-old white male victims and at the Terrace restaurant. The suspect also threw an object at him.,"17239 Ventura Blvd., Los Angeles",Encino,Official hate crime,Strong arm,,
Simple assault,"12:45 a.m. March 31, 2019",The suspect hit the 32-year-old white male victim at the Terrace restaurant. The suspect also threw an object at him.,"17239 Ventura Blvd., Los Angeles",Encino,Official hate crime,Strong arm,,
Simple assault,"11:15 a.m. March 31, 2019","The homeless suspect attacked the 48-year-old white male victim by kicking him, spitting on him and using hate-related language.","Intersection of Maltman Ave. and Sunset Blvd., Los Angeles",Silver Lake,Official hate crime,Strong arm,,
Simple assault,"11:15 a.m. March 31, 2019",The homeless suspect also attacked the 43-year-old black female victim while using hate-related language.,"Intersection of Maltman Ave. and Sunset Blvd., Los Angeles",Silver Lake,Official hate crime,Strong arm,,
"Criminal threats, no weapon displayed","3:45 p.m. March 31, 2019","The suspect threatened to kill a victim of unknown age, sex and ethnicity at a local needlework shop. The suspect also used profanities, racial slurs and hate-related language.","200 block of 26th St., Los Angeles",Brentwood,Official hate crime,Verbal threat,,
Vandalism,"8:00 p.m. March 31, 2019","The suspect vandalized the properties of a 45-year-old white male victim, causing $399 worth of damage or less. The case is gang-related.","6100 block of West Manchester Ave., Los Angeles",Westchester,"Official hate crime, hate incident",No weapon used,,
,,,"Address, Los Angeles",,,,,
Vandalism,"3:00 p.m. April 1, 2019",,"17800 block of Martha St., Los Angeles",Encino,Official hate crime,No weapon used,,
,,"Multiple suspects sent lewd or harassing emails, text messages or phone calls containing racial slurs to a 15-year-old black female student at Brentwood school.",,,,,,
Vandalism,"11:30 p.m. April 5, 2019","The suspect vandalized Paseo Del Rey Elementary School, causing $399 worth of damage or less.","7751 Paseo Del Rey, Los Angeles",Westchester,Official hate crime,No weapon used,,
Aggravated assault,"10 p.m. April 6, 2019","Multiple suspects surrounded and intimidated the 35-year-old black male victim, and sprayed pepper spray on him while using profanities, racial slurs and hate-related language.","Intersection of Pico Blvd. and Westmoreland Ave. , Los Angeles",pico-union,Official hate crime,Pepper spray,,
CHILD ABUSE (PHYSICAL) - AGGRAVATED ASSAULT,"10 p.m. April 6, 2019","Multiple suspect also surrounded the 13-year-old black male victim and knocked him to the ground with their fists. They also sprayed pepper spray on him while using profanities, racial slurs and hate-related language.","Intersection of Pico Blvd. and Westmoreland Ave. , Los Angeles",Pico Union,Official hate crime,Strong arm,,
Other assault,"2:07 p.m. April 8, 2019",The suspect threw a rock at the 44-year-old female victim.,"19800 block of Ventura Blvd., Los Angeles",Woodland Hills,Official hate crime,Rock,,
Vandalism,"5 p.m. April 10, 2019","The suspect vandalized a Metro Red Line rail car, causing $400 worth of damage or more.","Civic Center/Grand Park station of the Metro Red Line, Los Angeles",Downtown Los Angeles,Official hate crime,No weapon used,,
ROBBERY,,,"ARGYLE AV AND SELMA Address, Los Angeles",hollywood 90028,,"STRONG-ARM (HANDS, FIST, FEET OR BODILY FORCE)",,
Robbery,"3 p.m. April 12, 2019","The suspect grabbed, hit the victim and knocked them to the ground. The suspect removed the victim's property. Both the suspect and the victim were homeless.","500 block of San Julian St., Los Angeles",Downtown Los Angeles,Official hate crime,Strong arm,,
Simple assault,"3:40 p.m. April 13, 2019",The suspect assaulted the victim.,"Intersection of Willis Ave. and Ventura Blvd., Los Angeles",Sherman Oaks,Official hate crime,Other weapon,,
Vandalism,"2:50 a.m. April 14, 2019","The suspect vandalized an ice cream truck, causing damages worth $400 or more.","1000 block of South La Brea Ave. , Los Angeles",Mid-Wilshire,Official hate crime,belt/chain,,
BATTERY - SIMPLE ASSAULT,"2:50 a.m. April 14, 2019",The suspect threatened to harm the victim and attacked an unspecified victim by swinging his/her fist and flailing the weapon while using racial slurs.,"1000 block of South La Brea Ave., Los Angeles",Mid-Wilshire,Official hate crime,belt/chain,,
BATTERY - SIMPLE ASSAULT,"2:50 a.m. April 14, 2019",The suspect threatened to harm the victim and attacked an unspecified victim by swinging his/her fist and flailing the weapon while using racial slurs.,"1000 block of South La Brea Ave., Los Angeles",Mid-Wilshire,Official hate crime,belt/chain,,
BATTERY - SIMPLE ASSAULT,"2:50 a.m. April 14, 2019",The suspect threatened to harm the victim and attacked an unspecified victim by swinging his/her fist and flailing the weapon while using racial slurs.,"1000 block of South La Brea Ave., Los Angeles",Mid-Wilshire,Official hate crime,belt/chain,,
,,,2200 E 2ND ST,boyle-heights,,,,
,,,"Address, Los Angeles",,,,,
,,,"Address, Los Angeles",,,,,
Aggravated assault,"7:30 p.m. April 19, 2019",,"11700 block of San Vincente Blvd., Los Angeles",Brentwood,Official hate crime,Rock thrown at victim,,
,,"The homeless suspect followed the unspecified victim before grabbing, kicking and knocking him/her to the ground, while using racial slurs and profanities. The victim, who was a student between the age of 6 and 13, did not know the suspect prior to the crime.",,,,,,
Aggravated assault,"7:30 p.m. April 19, 2019","The homeless suspect followed the unspecified victim before grabbing and knocking him/her to the ground, while using racial slurs and profanities. The victim did not know the suspect prior to the crime.","11700 block of San Vincente Blvd., Los Angeles",Brentwood,Official hate crime,Rock thrown at victim,,
Criminal threats,"2:14 p.m. April 23, 2019",The suspect sent a threatening text message or email to the victim.,"5500 block of Corteen Pl., Los Angeles",Valley Village,Official hate crime,Verbal threat,,
Criminal threats,"12 p.m. April 23, 2019",The suspect sent a threatening text message or email to the victim.,"14900 block of Ventura Blvd., Los Angeles",Sherman Oaks,Official hate crime,Verbal threat,,
Aggravated assault,"2:10 a.m. April 24, 2019","The suspect, under the influence of alcohol or drugs, attacked the transgender victim.","Intersection of 7th St. and Rampart Blvd., Los Angeles",Westlake,Official hate crime,Knife with blade 6 inches in length or less,,
Brandish a weapon,"10:45 a.m. April 25, 2019",The suspect threatened to kill the victim with a weapon in his/her waistband while using profanities. Both the suspect and the victim were homeless.,"1400 block of Glendale Blvd., Los Angeles",Echo Park,Official hate crime,Strong arm,,
Brandish a weapon,"3 p.m. April 25, 2019",The homeless suspect threatened to kill the victim while using hate-related language. The crime is also related to the victim's employment.,"100 block of East 6th St., Los Angeles",Downtown Los Angeles,Official hate crime,Knife,,
Vandalism,"3:30 p.m. April 27, 2019","The suspect vandalized Walgrove Avenue Elementary School, causing $400 worth of damage or more.","1630 Walgrove Ave., Los Angeles",Mar Vista,Official hate crime,No weapon used,,
Vandalism,"9 p.m. April 29, 2019","The suspect vandalized the victim's car, causing $400 worth of damage or more. The suspect also threatened to harm the victim.","Intersection of 64th St. and Mecham Way, Los Angeles",Inglewood,Official hate crime,No weapon used,,
Vandalism,"10 p.m. April 29, 2019","The suspect vandalized Castle Heights Elementary School, causing $399 worth of damage or less.","9755 Cattaraugus Ave., Los Angeles",Beverlywood,Official hate crime,No weapon used,,
Vandalism,"11 a.m. May 3, 2019","The suspect vandalized a nearby apartment, causing $399 worth of damage or less.","500 block of West 23rd St., Los Angeles",Historic South Central,Official hate crime,No weapon used,,
Simple assault,"1:20 p.m. May 5, 2019",The suspect hit the suspect with a weapon.,"Intersection of 11th and Pacific St., Los Angeles",Santa Monica,Official hate crime,Strong arm,,
Vandalism,"12:45 a.m. June 14, 2019","The suspect vandalized the Central Community Police Station, causing $399 worth of damage or less. The crime was reported as a hate crime with ""Anti-Other Race/Ethnicity/Ancestry"" and ""Anti-Jewish"" biases.","251 E 6th St, Los Angeles",Downtown,,No weapon used,122.0,HC-122.png
Aggravated assault ,"9:10 a.m. June 14, 2019","The suspect used profanities and swung their weapon at the seven-year-old Hispanic female victim, who was attacked based on her gender. The crime was classified by the LAPD as a hate crime with an ""Anti-Hispanic or Latino"" bias. 
","2600 block of N. Broadway, Los Angeles",Lincoln Heights,,Unknown weapon ,123.0,HC-123.png
Aggravated assault ,"9:10 a.m. June 14, 2019","The suspect used profanities and swung their weapon at the four-year-old Hispanic female victim, who was attacked because of her gender. The crime was classified by the LAPD as a hate crime with an ""Anti-Hispanic or Latino"" bias. 
","2600 block of N. Broadway, Los Angeles",Lincoln Heights,,Unknown weapon,124.0,HC-124.png
Aggravated assault,"9:10 a.m. June 14, 2019","The suspect used profanities and swung their weapon at the 38-year-old Hispanic female victim, who was attacked because of her gender. The crime was classified by the LAPD as a hate crime with an ""Anti-Hispanic or Latino"" bias. 
","2600 block of N. Broadway, Los Angeles",Lincoln Heights ,,Unknown weapon,125.0,HC-125.png
Aggravated assault,"9:10 a.m. June 14, 2019","The suspect used profanities and swung their weapon at the six-year-old Hispanic male victim, who was attacked because of his gender. The crime was reported as a hate crime with an ""Anti-Hispanic or Latino"" bias.","2600 block of N. Broadway, Los Angeles",Lincoln Heights ,,Unknown weapon,126.0,HC-126.png
Aggravated assault,"9:10 a.m. June 14, 2019","The suspect used profanities and swung their weapon at the four-year-old Hispanic female victim, who was attacked because of her gender. The crime was reported as a hate crime with an ""Anti-Hispanic or Latino"" bias. ","2600 block of N. Broadway, Los Angeles",Lincoln Heights ,,Unknown weapon,127.0,HC-127.png
Aggravated assault,"9:10 a.m. June 14, 2019","The suspect used profanities and swung their weapon at the 62-year-old homeless Hispanic female victim, who was attacked because of her gender. The crime was reported as a hate crime with an ""Anti-Hispanic or Latino"" bias.","2600 block of N. Broadway, Los Angeles",Lincoln Heights ,,Unknown weapon,128.0,HC-128.png
Vandalism,"5 p.m. June 14, 2019","A suspect vandalized the property of the 18-year-old victim by spraying graffiti at Spalding Mortuary, causing $400 worth of damage or more. The crime was reported as a hate crime with an ""Anti-Black or African American"" bias. The victim was also targeted because of their gender. ",3045 S La Brea Ave. Los Angeles,West Adams,,No weapon used,129.0,HC-129.png
Burglary ,"5:45 p.m. June 14, 2019",The suspect burglarized Chatsworth Charter High School and sprayed graffiti on the property. ,"10027 Lurline Ave., Chatsworth",Chatsworth,,No weapon used,130.0,HC-130.png
Vandalism,9 p.m. June 14,"The suspect vandalized the house of a 54-year-old white male victim, causing $400 worth of damage or more. There was another victim, who is described below.","2700 block of Nichols Canyon Rd., Los Angeles",Hollywood Hills,,No weapon used,131.0,HC-131.png
Vandalism,9 p.m. June 14,"The suspect vandalized the house of a 52-year-old white male victim, causing $400 worth of damage or more.","2700 block of Nichols Canyon Rd., Los Angeles",Hollywood Hills,,No weapon used,132.0,HC-132.png
Battery - simple assault,2:45 a.m. June 16,"On the sidewalk, the suspect kicked the 32-year-old black male victim. There is photographic evidence of the crime.","Intersection of 3rd St. and La Cienega Blvd., Los Angeles",Beverly Grove,,Strong arm,133.0,HC-133.png
Battery - simple assault,11:45 a.m. June 17,"The homeless suspect spat at the 33-year-old white male victim, who was attacked because of his gender. The crime was reported as a hate crime with an ""Anti-White"" bias. 
","Intersection of West Melrose Ave. and North Visa Ave. , Los Angeles",Fairfax,,Unknown weapon,134.0,HC-134.png
Vandalism,8 p.m. June 17,"The suspect vandalized the car of the 51-year-old white female victim while using racial slurs and hate-related language. The vandalism resulted in $400 worth of damage or more. The crime was reported as a hate crime with an ""Anti-Black or African American” bias.","900 block of North Broadway, Los Angeles",Chinatown,,No weapon used,135.0,HC-135.png
Miscellaneous crime,12:45 p.m. June 18,"The suspect threatened to harm, but not kill, the 61-year-old black male victim while using profanities.","16800 block of Devonshire St, Los Angeles",Granada Hills,,No weapon used,136.0,HC-136.png
Aggravated assault,10:45 a.m. June 20,"The homeless suspect threatened to kill the 52-year-old black transgender female victim while using profanities. The crime was reported as a hate crime with ""Anti-Transgender and ""Anti-Gender Non-conforming"" biases.","400 block of South San Pedro St., Los Angeles",Downtown,,Pepper spray,138.0,HC-138.png
Vandalism,9 p.m. June 20,"The suspect vandalized the single family dwelling of the 44-year-old Hispanic male victim, causing $399 worth of damage or less.","1700 block of Griffith Park Blvd., Los Angeles",Silver Lake,,No weapon used,139.0,HC-139.png
Battery -- simple assault,10:30 p.m. June 21,The homeless suspect attacked the 56-year-old white male victim. The crime was reported as a hate crime with an “Anti-White” bias.,"Intersection of Main and 7th St., Los Angeles",Downtown,,Strong arm,140.0,HC-140.png
Brandish a weapon,10:20 a.m. June 22,"The suspect used force the 35-year-old Hispanic male victim by using a vehicle and brandished their weapon at him, all the while using hate-related language. The victim did not know the suspect prior to the crime. The crime was reported as a hate crime with an ""Anti-Hispanic or Latino"" bias. ","Intersection of Hillcrest Dr. and Martin Luther King Blvd., Los Angeles",Crenshaw,,Screwdriver,141.0,HC-141.png
Aggravated assault,10:20 a.m. June 22,"The suspect assaulted the 31-year-old Hispanic male victim by using a vehicle and brandished their weapon at him, all the while using hate-related language. The victim did not know the suspect prior to the crime. The crime was reported as a hate crime with an ""Anti-Hispanic or Latino"" bias. ","Intersection of Hillcrest Dr. and Martin Luther King Blvd., Los Angeles",Crenshaw,,Screwdriver,142.0,HC-142.png
Criminal threats,6:34 p.m. June 24,"The suspect sent an email or text message containing death threats to the 19-year-old Hispanic transgender male victim as he was leaving a store, who was targeted because of his ""gender nonconformity.""  The crime was reported as a hate crime with an ""Anti-Transgender bias.""","700 block of South Figueroa St., Los Angeles",Downtown,,Unknown weapon ,143.0,HC-143.png
Brandish a weapon,10 p.m. June 25,The suspect intimidated the 56-year-old Asian female victim by brandishing a weapon and using racial slurs while in a vehicle. The crime was reported as a road rage incident and a dispute involving the victim’s employment.,"Intersection of Abbot Kinney and Washington Blvd., Los Angeles",Venice,,Strong arm,144.0,HC-144.png
Battery -- simple assault,10 p.m. June 27,"The suspect pushed the 29-year-old male victim while using hate-related language, knocking him to the ground.","15700 block of Parthenia St., Los Angeles",North Hills,,Strong arm,145.0,HC-145.png
Aggravated assault,8:45 p.m. June 28,"The suspect hit the 51-year-old white male victim, who was attacked because of his disability. The crime was reported as a hate crime with an “Anti-Jewish” bias.","Intersection of La Brea Ave. and 3rd St., Los Angeles",Hancock Park,,Other weapon,146.0,HC-146.png
Other assault ,8:40 a.m. June 29,"The suspect threatened to harm, but not kill, the 48-year-old gay Hispanic male victim and sprayed him with a chemical near a bus stop.","Intersection of Vanowen St. and Lankershim Blvd., Los Angeles",North Hollywood,,Unknown weapon,147.0,HC-147.png
Aggravated assault,8 a.m. June 30,The suspect choked the 27-year-old black male victim in a halfway house. The crime was reported as a hate crime with “Anti-Gay” and “Gender Non-conforming” biases.,"800 block of West Imperial Hwy., Los Angeles",Vermont Vista,,Strong arm,148.0,HC-148.png
Criminal threats,7: 40 p.m. June 30,"The suspect threatened to kill the 21-year-old male victim at Bob's Food Mart & Liquors, a local liquor store. The victim used hate-related language and was targeted because of his disability. The crime was reported as a hate crime with an ""Anti-Islamic (Muslim)"" bias.","10000 National Blvd., Los Angeles",Palms,,Verbal threat,149.0,HC-149.png
Vandalism,8 a.m. July 1,"The suspect vandalized the single family dwelling of the 62-year-old white male victim, causing $399 worth of damage or less. The crime was reported as a hate crime with an “Anti-Gay” bias.","700 block of West 53rd St., Los Angeles",Vermont Square,,No weapon used,150.0,HC-150.png
Vandalism,11 p.m. July 1,"The suspect vandalized a vacant single family dwelling, causing $399 worth of damage or less. ","700 block of Cole Ave., Los Angeles",Hollywood,,No weapon used ,151.0,HC-151.png
Aggravated assault,5:40 p.m. July 3,The suspect hit the 37-year-old male victim at a parking lot.,"Intersection of Fallbrook Ave. and Victory Blvd., Los Angeles",West Hills,,Strong arm,152.0,HC-152.png
Vandalism,7:30 a.m. July 5,"The suspect vandalized a single family dwelling, causing $400 worth of damage or more. The victim was described as a 56-year-old white male victim and was attacked because of his gender. The crime was also reported as a hate crime with an “Anti-White” bias.","800 block of North Hayworth Ave., Los Angeles",Beverly Grove,,No weapon used,153.0,HC-153.png
Criminal threats,11:59 a.m. July 5,"The suspect threatened to harm, but not kill, the 53-year-old black male victim while using hate-related language.","18500 block of Devonshire St. , Los Angeles",Porter Ranch,,Verbal threat,154.0,HC-154.png
Battery -- simple assault,8:30 a.m. July 7,The suspect grabbed and kicked the 43-year-old Hispanic male victim to the ground while using hate-related language. ,"3200 Bronson Canyon, Los Angeles ",Hollywood Hills,,Strong arm,155.0,HC-155.png
Vandalism,7:01 p.m. July 7,"The homeless suspect vandalized the vehicle of the 34-year-old white female victim, causing $400 worth of damage or more. The victim also used hate-related language.",Intersection of Melrose and Oxford Ave. Los Angeles,East Hollywood,,Strong arm,156.0,HC-156.png
Criminal threats,2 a.m. July 9,"The suspect threatened to kill the 41-year-old Hispanic male victim in an office building. The victim was targeted because of his ""Race/Ethnicity/Ancestry.""  The crime was reported as a hate crime with an ""Anti-Hispanic or Latino"" bias. ","600 block of West 7th St., Los Angeles",Downtown,,Verbal threat,157.0,HC-157.png
Criminal threats,5:18 p.m. July 9 ,"The suspect threatened to harm, but not kill, the 33-year-old black female victim in a multi-unit dwelling. The victim was targeted because of her gender nonconformity. The crime was reported as a hate crime with an ""Anti-Lesbian bias."" ","9400 block of Firth Blvd., Los Angeles",Watts,,Verbal threat,158.0,HC-158.png
Aggravated assault,5:18 p.m. July 9 ,The suspect threw an object at the 36-year-old black female victim in a multi-unit dwelling. The victim was targeted based on the victim’s “gender nonconformity.” The crime was reported as a hate crime with an “Anti-Lesbian bias.” The suspect and victim were neighbors.,"9400 block of Firth Blvd., Los Angeles",Watts,,Hammer,159.0,HC-159.png
Aggravated assault,7:30 p.m. July 9 ,"The suspect threw an object at the 36-year-old black female victim in a multi-unit dwelling, who was targeted because of her ""gender nonconformity."" The crime was reported as a hate crime with an ""Anti-Lesbian bias."" The suspect and victim were neighbors. ","9400 block of Firth Blvd., Los Angeles",Watts,,Other cutting instrument,160.0,HC-160.png
Criminal threats,7 a.m. July 10,The suspect threatened to kill the 49-year-old male and his family in a single-family dwelling. The victim was targeted because of gender and disability. ,"10500 block of Valley Spring Lane, Los Angeles",Toluca Lake,,Unknown weapon,161.0,HC-161.png
Vandalism,3 p.m. July 13,"The suspect vandalized Wilshire Boulevard Temple Synagogue, causing $400 worth of damage or more. ","3663 Wilshire Blvd., Los Angeles",Koreatown,,No weapon used,162.0,HC-162.png
Aggravated assault,1:20 p.m. July 13 ,The suspect forcibly entered the car of the 29-year-old white female victim. The crime was also reported as a road rage incident. ,Intersection of Highland and Willoughby Ave. Los Angeles,Hollywood,,Handgun,163.0,HC-163.png
Vandalism,10 p.m. July 13,"The suspect painted graffiti on the property of the Hebrew Discovery Center Synagogue, causing $400 worth of damage or more. ",19819 Ventura Blvd. Los Angeles,Woodland Hills,,No weapon used,164.0,HC-164.png
Battery -- simple assault,1:11 p.m. July 14,"The suspect hit the 56-year-old white male victim, who was targeted because of his gender. The crime was reported as a hate crime with an ""Anti-White"" bias. ","Intersection of Vista and 3rd St., Los Angeles",Fairfax,,Strong arm,165.0,HC-165.png
Miscellaneous crime,7:30 a.m. July 15,"The suspect used forced against the white female victim, who was targeted because of her disability. The crime was reported as a hate crime with an ""Anti-Jewish"" bias. ","5400 block of Babcock Ave., Los Angeles ",Valley Village,,No weapon used ,166.0,HC-166.png
Miscellaneous crime,7:30 a.m. July 15,"The suspect used forced against the 57-year-old white female victim, who was targeted because of her disability. The crime was reported as a hate crime with an ""Anti-Jewish"" bias. ","5400 block of Babcock Ave., Los Angeles ",Valley Village,,No weapon used ,167.0,HC-167.png
Battery -- simple assault,10:15 p.m. July 17,"The suspect used hate-related language and spat on the 25-year-old Hispanic male victim, who was a Uber/Lyft driver. The suspect was homeless and over the age of 60. The victim was targeted because of his ""Race/Ethnicity/Ancestry."" There was photographic evidence of the crime. The crime was reported as a hate crime with an ""Anti-Hispanic/Latino"" bias. ","Intersection of Ogden Dr. and 6th St., Los Angeles",Beverly Grove,,Unknown weapon,168.0,HC-168.png
Battery -- simple assault,12:30 a.m. July 18,"The suspect hit the 40-year-old Hispanic male victim, who was attacked because of his ""gender nonconformity."" The suspect also distributed hate crime materials. The crime was reported as a hate crime with an ""Anti-Gay"" bias. ","1500 block of Arlington Ave., Los Angeles",Arlington Heights,,Strong arm,169.0,HC-169.png
Criminal threats,1:55 a.m. July 18,"The suspect threatened to kill the victim and made ""unusual statements"" toward the 31-year-old male victim at a mini-mart. The victim was targeted because of his disability. The suspect used a vehicle for the crime and did not know the victim prior to the crime. The crime was reported as hate crime with an ""Anti-Islamic (Muslim)"" bias. ",10600 block of Magnolia Blvd. Los Angeles,North Hollywood,,Verbal threat,170.0,HC-170.png
Battery -- simple assault,9 a.m. July 21,"The suspect grabbed and hit the 40-year-old Hispanic male victim at the St. Agnes Catholic Church, who was targeted because of his gender. The suspect was over 60 years old and used a vehicle for his crime. The crime was reported as a hate crime with an ""Anti-Hispanic or Latino"" bias. ","2625 Vermont Ave., Los Angeles",Adams-Normandie,,Strong arm,171.0,HC-171.png
Vandalism,7 p.m. July 22,"The suspect vandalized a local business, causing $399 worth of damage or less. ","4000 block of West Sunset Blvd., Los Angeles",Los Feliz,,No weapon used ,172.0,HC-172.png
Burglary ,10:30 a.m. July 23,"The suspect unlocked, ransacked and vandalized a multi-unit dwelling. The suspect also removed property from the 56-year-old white male victim while using profanities. The crime was reported as a hate crime with an ""Anti-Gay"" bias. ","1200 block of Barry Ave., Los Angeles ",Brentwood ,,No weapon used ,173.0,HC-173.png
Aggravated assault ,12 p.m. July 23,"The victim was a 51-year-old black male victim, who was targeted because of his gender. The crime was reported as a hate crime with an ""Anti-Black or African American"" bias. ","9500 block of Beach St., Los Angeles ",Watts,,Vehicle ,174.0,HC-174.png
Aggravated assault ,12:15 p.m. July 23,The suspect hit the 34-year-old male victim at a Mobil gas station. ,"17661 Ventura Blvd., Los Angeles",Encino,,Unknown weapon ,175.0,HC-175.png
Vandalism,8 p.m. July 23,"The suspect sprayed graffiti on the sidewalk, causing $400 worth of damage or more. ","3400 block of Sawtelle Blvd., Los Angeles",Mar Vista,,No weapon used ,176.0,HC-176.png
Vandalism,9 a.m. July 24 ,"The suspect vandalized a single family dwelling, causing $400 worth of damage or more. The victim was a 61-year-old black female transgender victim, who was targeted because of her ""Race/Ancestry/Ethnicity."" The suspect and the victim were neighbors. The crime was reported as a hate crime with an ""Anti-Transgender bias."" ","10100 block of South Hoover St., Los Angeles ",Vermont Vista,,Unknown weapon ,177.0,HC-177.png
Battery -- simple assault,11 a.m. July 25,"The suspect came out of their vehicle and hit the 25-year-old male victim at a parking lot. The crime was classified by the LAPD as a hate crime with an ""Anti-Arab"" bias. ","Intersection of Owensmouth Ave. and Victory Blvd., Los Angeles",Canoga Park ,,Strong arm,178.0,HC-178.png
Battery -- simple assault,8:30 a.m. July 26,"The homeless suspect, who was riding a bike, attacked the 61-year-old white male victim on the street while using hate-related language. ","Intersection of Avenue 31 and Eagle Rock Blvd., Los Angeles",Glassell Park,,Unknown weapon,179.0,HC-179.png
Aggravated assault ,11 p.m. July 26,"The suspect hit the 38-year-old Hispanic female victim at a single family dwelling. The victim was targeted because of their ""gender-nonconformity."" The suspect and the victim were neighbors. ","1400 block of East 108th St., Los Angeles ",Watts,,Unknown weapon ,180.0,HC-180.png
Battery -- simple assault,4 p.m. July 28,The suspect hit the 73-year-old black male victim at a single-family dwelling while using racial slurs and hate-related language. ,"5100 block of Arlington Blvd., Los Angeles",Hyde Park,,Strong arm,181.0,HC-181.png
Battery -- simple assault,4 p.m. July 28,"The suspect swung their fist at the 63-year-old white male victim while using profanities and racial slurs, knocking the victim to the ground. The suspect and victim were roommates.","5100 block of Arlington Blvd., Los Angeles ",Hyde Park,,Strong arm,182.0,HC-182.png
Vandalism,6 p.m. July 28,"The suspect vandalized the single-family dwelling of the 28-year-old white male victim, causing $399 worth of damage or less. ","12100 block of Edgecliff Ave., Los Angeles",Sylmar ,,No weapon used ,183.0,HC-183.png
Battery -- simple assault,10:30 a.m. July 28,"The suspect attacked the 23-year-old Hispanic male victim, knocking him to the ground. The suspect used racial slurs and hate-related language. The suspect and the victim were both living at a short-term rental living space. ","600 block of North Oxford Ave., Los Angeles",East Hollywood,,Strong arm,184.0,HC-184.png
Vandalism,9 p.m. July 31,"The suspect vandalized the property of a 37-year-old white female victim at the Cahuenga Nursery School, causing $399 worth of damages or less. The victim was targeted because of her gender. There is video footage of the crime. The crime was classified as a hate crime with an ""Anti-Other Race/Ethnicity/Ancestry"" bias.","5554 Cahuenga Blvd., Los Angeles ",North Hollywood,,No weapon used ,185.0,HC-185.png
Vandalism,5:30 a.m. August 2,"The suspect vandalized a construction site, causing $400 worth of damage or more. ","3600 block of Wilshire Blvd., Los Angeles",Koreatown,,No weapon used,186.0,HC-186.png
Battery -- simple assault,3:30 a.m. August 3,The suspect kicked the 45-year-old Hispanic female victim at a nightclub. ,"7600 block of Van Nuys Blvd., Los Angeles",Van Nuys,,Strong arm,187.0,HC-187.png
Aggravated assault,3:30 a.m. August 3,The suspect swung their fist and kicked the 53-year-old Hispanic male victim. The victim was under the influence of drugs or alcohol and did not know the suspect prior to the crime. There was also photographic evidence of the crime. ,"7600 block of Van Nuys Blvd., Los Angeles",Van Nuys,,Strong arm,188.0,HC-188.png
Criminal threats,10:30 a.m. August 3,"The suspect threatened to kill the 48-year-old white female security guard while using profanities and hate-related language. The suspect was in a wheelchair. The victim was on duty and she was targeted because of her race, ethnicity or ancestry. The crime was also classified as a hate crime with an ""anti-White"" bias. ","3700 block of S. La Brea Ave., Los Angeles",Baldwin Hills,,Verbal threat,189.0,HC-189.png
Vandalism,9 a.m. August 7,"The suspect sprayed graffiti at a local business, causing $399 worth of damage or less. The victim was a 60-year-old white woman. ","300 block of Sunset Ave., Venice",Venice,,No weapon used ,190.0,HC-190.png
Aggravated assault,12:25 p.m. August 7,"The suspect spat at the 29-year-old Hispanic female student victim, who was targeted because of her gender. The suspect wore a hoodie and made gang-related statements. The crime was classified as a gang-related crime as well a hate crime with an ""Anti-Hispanic or Latino"" bias.","8600 block of Orchard Blvd., Los Angeles",Vermont Knolls,,Unknown weapon,191.0,HC-191.png
Criminal threats,2:10 p.m. August 8,"The suspect threatened to harm, but not kill, the 53-year-old Hispanic female victim at a local McDonalds. The suspect was over 60 years old. The crime was classified as a hate crime with an ""anti-Hispanic or Latino"" bias. ","21901 Erwin St., Woodland Hills",Woodland Hills,,Verbal threat,192.0,HC-192.png
Vandalism,9 p.m. August 8 ,"While using profanities, the suspect smashed and broke the windows of property. The victim was a 33-year-old black male victim, who was targeted due to his gender. The suspect's vandalism cause more than $400 worth of damage. The crime was classified as a hate crime with an ""Anti-Black or African American bias.""","1600 block of S. Hayworth Ave., Los Angeles",Mid-city,,No weapon used ,193.0,HC-193.png
Aggravated assault,11:10 a.m. August 9,"The suspect hit the 20-year-old white male victim, who was targeted because of his disability. The crime was classified as a hate crime with an ""Anti-Jewish bias.""","Intersection of La Brea Ave. and Oakwood Ave., Los Angeles",Fairfax,,Stick,194.0,HC-194.png
Vandalism,2 p.m. August 10,"The suspect sprayed graffiti on a local store, causing $399 worth of damage or less. ","14700 block of Pacific Coast Highway, Los Angeles",Pacific Palisades,,No weapon used ,195.0,HC-195.png
Vandalism,5 p.m. August 10,"The suspect vandalized a local synagogue, causing $399 worth of damage or less. There were also hate crime materials or printouts or emails involved. ","200 block of S. Main St., Los Angeles ",Venice,,No weapon used,196.0,HC-196.png
Miscellaneous crime,6 p.m. August 11,The suspect hit the 62-year-old white male victim while using hate-related language. They were both passengers on a bus. ,"Intersection of 77th St. and Vermont Ave., Los Angeles",Vermont Square,,No weapon used ,197.0,HC-197.png
Brandish a weapon,9:30 p.m. August 11,"The suspect, who was homeless or transient, followed the 46-year-old black female victim, who was targeted based on her race/ethnicity/ancestry. The suspect intimidated her with a weapon while using racial slurs and profanities. The crime was also classified as a hate crime with an ""Anti-Black or African American"" bias.","12000 block of Wilshire Blvd., Los Angeles",Brentwood ,,Unknown cutting instrument,198.0,HC-198.png
Aggravated assault,11 p.m. August 11,"The suspect, who was homeless or transient, stabbed the 33-year-old Hispanic male victim while using profanities and hate-related language. The victim, who was targeted based on his sexual orientation, did not know the suspect prior to the crime. The crime was also classified as a hate crime with an ""Anti-Gay (Male) bias."" ","11700 block of Wilshire Blvd., Los Angeles",Brentwood ,,Knife with a blade six inches or less in length ,199.0,HC-199.png
Aggravated assault,2 p.m. August 12,"The suspect hit, bit and pepper sprayed the 43-year-old white male victim, who was targeted because of his race/ethnicity/ancestry. He did not know the suspect prior to the crime. ","500 block of W. Temple St., Los Angeles",Downtown,,Pepper spray,200.0,HC-200.png
Vandalism,10:11 a.m. August 13,"The suspect vandalized a local business, causing $399 worth of damage or less. ","2800 block of Rowena Ave., Los Angeles",Silver Lake,,Unknown weapon ,201.0,HC-201.png
Aggravated assault,8:10 p.m. August 16,"The suspect, who was in a vehicle, aimed their gun at the 40-year-old male victim while using profanities and racial slurs. The suspect was targeted based on his gender. The crime was also classified as a hate crime with an ""Anti Black or African American"" bias.","11400 block of Emelita St., Los Angeles",North Hollywood,,Other firearm,202.0,HC-202.png
Battery -- simple assault,11 p.m. August 20,The suspect knocked the 50-year-old Hispanic female victim to the ground. ,"Intersection of Sepulveda Blvd. and Parthenia Pl., Los Angeles",North Hills,,Strong arm,203.0,HC-203.png
Aggravated assault,4:12 p.m. August 22,"The suspect exited the vehicle and hit the 53-year-old Black female victim, knocking her to the ground. She was targeted because of her gender. The crime was also classified by the LAPD as a hate crime with an ""Anti-Black or African American"" bias. ","Intersection of Central and Lanzit Ave., Los Angeles",Green Meadows,,Strong arm,204.0,HC-204.png
Criminal threats,10:05 p.m. August 23,"The suspect threatened to harm, but not kill, the 30-year-old Hispanic transgender female victim at the Las Perlas bar. The suspect did not know the victim prior to the crime. The victim was targeted because of her gender nonconformity. The crime was also classified as a hate crime with an ""Anti-Transgender"" bias. ","107 E. 6th St., Los Angeles ",Downtown,,Verbal threat,205.0,HC-205.png
Criminal threats,10:05 p.m. August 23,"The suspect threatened to harm, but not kill, the 40-year-old Hispanic transgender male victim at the Las Perlas bar. The suspect did not know the victim prior to the crime. ","107 E. 6th St., Los Angeles ",Downtown,,Verbal threat,206.0,HC-205.png
Criminal threats,10:05 p.m. August 23,"The suspect threatened to harm, but not kill, the 24-year-old Hispanic transgender female victim at the Las Perlas bar. The suspect did not know the victim prior to the crime. ","107 E. 6th St., Los Angeles ",Downtown,,Verbal threat,207.0,HC-205.png
Criminal threats,10:05 p.m. August 23,"The suspect threatened to harm, but not kill, the 30-year-old Hispanic transgender female victim at the Las Perlas bar. The suspect did not know the victim prior to the crime. ","107 E. 6th St., Los Angeles ",Downtown,,Verbal threat,208.0,HC-205.png
Battery -- simple assault,12:01 a.m. August 24,"The suspect hit the 31-year-old black male victim, who was targeted because of his gender. The crime was also classified as a hate crime with an ""Anti-Black or African American"" bias.","6300 block of W. 3rd St., Los Angeles",Fairfax,,Strong arm,209.0,HC-209.png
Battery -- simple assault,12:01 a.m. August 24,"The suspect hit the 34-year-old black male victim, who was targeted because of his gender. The crime was also classified as a hate crime with an ""Anti-Black or African American"" bias.","6300 block of W. 3rd St., Los Angeles",Fairfax,,Strong arm,210.0,HC-209.png
Battery -- simple assault,12:01 a.m. August 24,"The suspect used forced against the Hispanic male victim, who was targeted because of his gender. The crime was also classified as a hate crime with an ""Anti-Hispanic or Latino bias."" ","6300 block of W. 3rd St., Los Angeles",Fairfax,,Strong arm,211.0,HC-209.png
Aggravated assault,11:30 a.m. August 24 ,The suspect attacked the 49-year-old Hispanic female victim in a yard. ,"7800 block of Shoshone Ave., Los Angeles",Lake Balboa,,Unknown weapon,212.0,HC-212.png
Aggravated assault,9:50 p.m. August 24,The suspect hit the 40-year-old Hispanic male victim with a metal pipe. Both the suspect and victim were homeless or transient. ,"Intersection of Vanowen St. and Troost Ave., Los Angeles",North Hollywood,,Metal pipe,213.0,HC-213.png
Aggravated assault,11:10 p.m. August 24,"The juvenile suspect hit the 32-year-old Hispanic female victim while they were in public housing.The suspect also made gang-related statements. The victim did not know the suspect prior to the crime. The victim was targeted because of her gender. The crime was classified as both a gang-related crime and a hate crime with an ""Anti-Hispanic or Latino"" bias. ","11500 block of South Mona Blvd., Los Angeles",Watts,,Unknown weapon,214.0,HC-214.png
Criminal threats,7:33 p.m. August 25,"The juvenile suspect intimidated and threatened to harm, but not kill, the 32-year-old Hispanic female victim, who was targeted because of her gender. The crime was also classified as a hate crime with an ""Anti-Hispanic or Latino"" bias.","11500 block of South Mona Blvd., Los Angeles",Watts,,Verbal threat,215.0,HC-214.png
Criminal threats,7:33 p.m. August 25,"The juvenile suspect intimidated and threatened to harm, but not kill, the 11-year-old Hispanic female victim, who was targeted because of her gender. The crime was also classified as a hate crime with an ""Anti-Hispanic or Latino"" bias.","11500 block of South Mona Blvd., Los Angeles",Watts,,Verbal threat,216.0,HC-214.png
Criminal threats,7:33 p.m. August 25,"The juvenile suspect intimidated and threatened to harm, but not kill, the Hispanic male victim. The crime was also classified as a hate crime with an ""Anti-Hispanic or Latino"" bias.","11500 block of South Mona Blvd., Los Angeles",Watts,,Verbal threat,217.0,HC-214.png
Criminal threats,7:33 p.m. August 25,"The juvenile suspect intimidated and threatened to harm, but not kill, the five-year-old Hispanic female victim, who was targeted because of her gender. The crime was also classified as a hate crime with an ""Anti-Hispanic or Latino"" bias.","11500 block of South Mona Blvd., Los Angeles",Watts,,Verbal threat,218.0,HC-214.png
Battery -- simple assault,1 p.m. August 27,"The suspect hit the 54-year-old white male victim, who was targeted because of his religion. The crime was also classified as a hate crime with an ""Anti-Jewish"" bias.","Intersection of Topanga Canyon and Ventura Blvd., Los Angeles",Woodland Hills,,Strong arm,219.0,HC-219.png
Vandalism,9:20 p.m. August 27,"The suspect vandalized the property, causing more than $400 worth of damage. The victim was a Hispanic male, who was targeted because of his gender. The crime was also classified as a hate crime with an ""Anti-Black or African American"" bias. ","Intersection of Melrose and Orange Grove Ave., Los Angeles",Fairfax,,No weapon used,220.0,HC-220.png
Assault,6:26 a.m. August 29,"The suspect hit the 40-year-old black male victim, who was an Uber or Lyft driver. The victim did not know the suspect prior to the crime. The crime was also classified as a hate crime with an ""Anti-Black or African American"" bias.","Intersection of 3rd St. and San Pedro St., Los Angeles",Downtown,,Strong arm,221.0,HC-221.png
Lewd letters or telephone calls,9 a.m. September 1,"The suspect sent a harassing email, text or other electronic communication to a 23-year-old Hispanic female. The victim was also a student. ","10900 block of Wilmington St., Los Angeles",Watts,,No weapon used,222.0,HC-222.png
Vandalism,8:30 p.m. September 1,"The suspect sprayed graffiti on property, causing $400 worth of damage or more. The victim was a 35-year-old Hispanic male. The suspect also wore a hoodie and was driving. ","500 block of W. 19th St., Los Angeles",San Pedro,,No weapon used ,223.0,HC-223.png
Battery -- simple assault,6:50 p.m. September 2,"The suspect hit and kicked the 24-year-old Hispanic male victim, knocking him to the ground. The suspect also used profanities and intimidated the victim. The victim was a security guard.","Dodger Stadium, Los Angeles",Elysian Park,,Strong arm,224.0,HC-224.png
Brandish a weapon,12:20 a.m. September 9,"The suspect intimidated, hit and used profanities against the 32-year-old Black male victim, who was standing on a train station platform. The crime was also classified as a gang-related. ","Vernon Station, Metro Blue Line, Los Angeles",Historic South Central,,Knife with a blade six inches or less in length ,225.0,HC-225.png
Vandalism,5:30 a.m. September 11,"Multiple suspects vandalized a local business, causing $400 worth of damage or more. ","400 block of N. Fairfax Ave., Los Angeles",Fairfax,,No weapon used,226.0,HC-226.png
Aggravated assault,12:05 a.m. September 12,The suspect choked the 40-year-old Hispanic female victim in a single family dwelling. The suspect and victim were roommates. ,"1600 block of E. 109th Pl., Los Angeles",Watts,,Strong arm,227.0,HC-227.png
Brandish a weapon,5:30 p.m. September 13,The suspect intimidated and threatened to kill a 10-year-old black male student victim while using profanities and racial slurs. The crime took place at Palms Recreation Center.,"2950 Overland Ave., Los Angeles",Rancho Park,,Knife,228.0,HC-228.png
Brandish a weapon,5:30 p.m. September 13,The suspect intimidated and threatened to kill a 12-year-old black male student victim while using profanities and racial slurs. The crime took place at Palms Recreation Center.,"2950 Overland Ave., Los Angeles",Rancho Park,,Knife,229.0,HC-228.png
Brandish a weapon,5:30 p.m. September 13,The suspect intimidated and threatened to kill a 12-year-old black male student victim while using profanities and racial slurs. The crime took place at Palms Recreation Center.,"2950 Overland Ave., Los Angeles",Rancho Park,,Knife,230.0,HC-228.png
Brandish a weapon,5:30 p.m. September 13,The suspect intimidated and threatened to kill a 13-year-old black male student victim while using profanities and racial slurs. The crime took place at Palms Recreation Center.,"2950 Overland Ave., Los Angeles",Rancho Park,,Knife,231.0,HC-228.png
Criminal threats,4 p.m. September 14,"The suspect verbally threatened the 18-year-old victim. The crime was also classified as a non-criminal ""hate incident.""  ","3600 block of McClintock Ave., Los Angeles",University Park,,Verbal threat,232.0,HC-232.png
Battery -- simple assault,4:30 p.m. September 16,"The suspect hit the 12-year-old Hispanic male victim, who was targeted because of his gender.  The victim did not know the suspect prior to the crime. The crime was also classified by the LAPD as a hate crime with an ""Anti-White"" bias, though this could be a possible coding error given the victim was also classified as Hispanic.  ","10200 block of Main Street., Los Angeles",Broadway Manchester,,Strong arm,233.0,HC-233.png
Vandalism,10 p.m. September 17,"The suspect vandalized Temple Ahavat Shalom, a local synagogue. The vandalism caused $400 worth of damage or more. The crime was also classified by the LAPD as a hate crime with an ""Anti-Jewish"" bias.","18200 Rinaldi Pl., Los Angeles",Porter Ranch,,No weapon used ,234.0,HC-234.png
Vandalism,6:50 p.m. September 23,"The suspect vandalized the 40-year-old Hispanic male victim's car, causing $400 worth of damage or more. ","400 block of S. Avenue 19, Los Angeles",Lincoln Heights,,No weapon used,235.0,HC-235.png
Brandish a weapon,12:01 a.m. September 24,"While on a sidewalk, the suspect brandished a handgun. The 30-year-old black male victim was homeless or transient and was targeted because of his sexual orientation. The crime was also classified by the LAPD as a hate crime with an ""Anti-Gay (Male)"" bias.  ","Intersection of 7th St. and San Julian St., Los Angeles",Downtown Los Angeles,,Handgun,236.0,HC-236.png
Criminal threats,3:45 p.m. September 24,"The suspect threatened to kill the 47-year-old black male victim. The suspect used a vehicle. In addition to a hate crime, the LAPD classified this as a non-criminal hate incident. ","1030 Colorado Blvd., Los Angeles",Eagle Rock,,No weapon used ,237.0,HC-237.png
Brandish a weapon,8:30 a.m. September 25,"While on a sidewalk, the suspect, who was homeless or transient, brandished a knife. The victim was a 65-year-old black man, who was targeted because of his gender. The crime was also classified by the LAPD as a hate crime with an ""Anti-Black or African American"" bias.","Intersection of 3rd St. and Detroit Ave., Los Angeles",Mid-Wilshire,,Knife ,238.0,HC-238.png
Vandalism,10 a.m. September 25,"The suspect vandalized an office building, causing $399 worth of damage or less.","18300 block of Ventura Blvd., Los Angeles",Tarzana,,No weapon used,239.0,HC-239.png
Vandalism,9 p.m. September 27,"The suspect vandalized the property of Castle Heights Elementary School, causing $399 worth of damage or less.","9755 Cattaraugus Ave., Los Angeles ",Castle Heights,,No weapon used,240.0,HC-240.png
Criminal threats,7 p.m. September 28,The suspect threatened to kill the 54-year-old Hispanic female victim. The suspect and victim were neighbors. ,"1400 block of S. Bronson Ave., Los Angeles",Arlington Heights,,Verbal threat,241.0,HC-241.png
Battery -- simple assault,12 p.m. September 29,"The suspect hit and used profanities against the 26-year-old white male victim. The crime was classified by the LAPD as a hate crime with an ""Anti-Gay (Male)"" bias. ","Intersection of Figueroa St. and Ave. 56, Los Angeles",Highland Park,,Strong arm,242.0,HC-242.png
Vandalism,4 p.m. September 29,"The suspect vandalized a vehicle by spraying graffiti on it and caused more than $400 worth of damage. The victim was targeted because of a disability. The crime was also classified by the LAPD as a hate crime with an ""Anti-Jewish"" bias.","2100 block of S. Meyler St., Los Angeles",San Pedro,,No weapon used ,243.0,HC-243.png
Crime against children,6:30 p.m. September 30,"The suspect followed the nine-year-old Hispanic male student victim to his home. The suspect shouted racial slurs, swung a weapon and used hate-related language against him. The suspect and victim were neighbors. ","3900 block of W. 6th St., Los Angeles",Koreatown,,Verbal threat,244.0,HC-244.png
Criminal threats,3:39 p.m. October 1,"The suspect sent a harassing email, text or other electronic communication to the 25-year-old black male victim. The suspect also threatened to kill the victim. ","20600 block of Tribune St., Los Angeles",Chatsworth,,Verbal threat,245.0,HC-245.png
Aggravated assault,7:45 p.m. October 1,"The suspect used force, racial slurs and profanities against the 41-year-old black male victim. ","5500 block of Lankershim Blvd., Los Angeles",North Hollywood,,Unknown weapon,246.0,HC-246.png
Vandalism,3 p.m. October 4,"The suspect vandalized the property of a local cemetery, causing $399 worth of damage or less. ","1200 block of Glendon Ave., Los Angeles",Westwood ,,No weapon used ,247.0,HC-247_1.png
Criminal threats,8:15 p.m. October 4,The suspect threatened to kill the 68-year-old black male victim by sending him a threatening email or text message.,"9700 block of Clovis Ave., Los Angeles",Green Meadows,,Verbal threat,248.0,HC-247.png
Criminal threats,9 p.m. October 5,"The suspect threatened to harm, but not kill, the 16-year-old Hispanic male victim, who was targeted because of his gender nonconformity. The crime was also classified by the LAPD as a hate crime with an ""Anti-Gay (Male)"" bias. ","3000 block of Lanfranco St., Los Angeles",Boyle Heights,,Verbal threat,249.0,HC-248.png
Vandalism,5 p.m. October 6,"The suspect, who wore a hoodie, vandalized a vehicle and caused $400 worth of damage or more. ","1100 block of Nagoya Wy., Los Angeles",San Pedro,,No weapon used ,250.0,HC-249.png
Other assault ,10:25 a.m. October 9,"The suspect spat at the 21-year-old Hispanic female victim, who was targeted because of her gender nonconformity. The crime was also classified by the LAPD as a hate crime with an ""Anti-Lesbian"" bias. ","6100 block of Wilshire Blvd., Los Angeles",Beverly Grove,,Strong arm,251.0,HC-251.png
Criminal threats,7:30 a.m. October 10,The suspect threatened the 57-year-old black male victim in a multi-unit dwelling. ,"15800 block of Saticoy St., Los Angeles ",Van Nuys,,Verbal threat,252.0,HC-252.png
Criminal threats,7:30 a.m. October 10,The suspect threatened the 33-year-old Hispanic female victim in a multi-unit dwelling. ,"15800 block of Saticoy St., Los Angeles ",Van Nuys,,Verbal threat,253.0,HC-252.png
Criminal threats,7:30 a.m. October 10,The suspect threatened the 48-year-old Hispanic female victim in a multi-unit dwelling. ,"15800 block of Saticoy St., Los Angeles ",Van Nuys,,Verbal threat,254.0,HC-252.png
Criminal threats,7:30 a.m. October 10,The suspect threatened the 24-year-old Hispanic female victim in a multi-unit dwelling. ,"15800 block of Saticoy St., Los Angeles ",Van Nuys,,Verbal threat,255.0,HC-252.png
Miscellaneous crime,2:30 p.m. October 10,The suspect vandalized Castle Heights Elementary School. ,"9755 Cattaraugus Ave., Los Angeles ",Castle Heights,,No weapon used ,256.0,HC-256.png
Aggravated assault,9:35 a.m. October 11,"The suspect verbally intimidated, used profanities against and threatened to kill the 54-year-old black male victim, who was homeless or transient. The crime was classified by the LAPD as a hate crime with an ""Anti-Black or African American"" bias.  ","600 block of S Coronado St., Los Angeles ",Westlake,,Hammer,257.0,HC-257.png
Battery -- simple assault,11:45 a.m. October 12,"The suspect pushed the 35-year-old Hispanic male victim, knocking him to the ground. ","Intersection of Wilshire Blvd. and Alvarado St., Los Angeles",Westlake,,Strong arm,258.0,HC-258.png
Battery -- simple assault,2 p.m. October 12,"The suspect hit and pulled the hair of the 23-years-old transgender Hispanic victim. The crime was classified by the LAPD as a hate crime with an ""anti-gender nonconformity"" bias. The suspect spoke Spanish. ","8200 block of San Pedro St., Los Angeles",Florence,,Strong arm,259.0,
Battery -- simple assault,4 p.m. October 12,The suspect used hate-related language and racial slurs against the 28-year-old black male victim and knocked him to the ground. The suspect also bit him and used a vehicle for the crime. The victim was a delivery person. ,"1200 block of W. 36th Pl., Los Angeles ",Exposition Park,,Strong arm,260.0,HC-259.png
Vandalism,6 p.m. October 14,"The suspect vandalized a local recycling center, causing $399 worth of damage or less. The victim was reported as a 48-year-old black man. ","9700 Woodman Ave., Los Angeles",Panorama City,,No weapon used,261.0,HC-261.png
Aggravated assault,12:20 p.m. October 16,"Mutiple suspects overwhelmed the 60-year-old black male victim, who was homeless or transient. They used racial slurs against him, threatened to harm him and bit him.","700 block of Echo Park Ave., Los Angeles",Echo Park,,Strong arm,262.0,HC-262.png
Aggravated assault,9:10 p.m. October 18,The suspect threw an unknown object at the 19-year-old Hispanic female victim. ,"10600 block of Telfair Ave., Los Angeles",Pacoima,,Other weapon,263.0,HC-263.png
Aggravated assault,9:10 p.m. October 18,The suspect threw an unknown object at the 23-year-old black male victim. ,"10600 block of Telfair Ave., Los Angeles",Pacoima,,Other weapon,264.0,HC-263.png
Battery -- simple assault,1 a.m. October 20,"Multiple suspects overwhelmed the 23-year-old gay male victim, who was targeted due to his sexual orientation. They hit him and used hate-related language against him. The victim did not know the suspects prior to the crime. The crime was also classified by the LAPD as a hate crime with an ""Anti-Gay (Male)"" bias. ","Intersection between 80th St. and McKinley Ave., Los Angeles",Florence,,Strong arm,265.0,HC-265.png
Aggravated assault,6:30 a.m. October 20,"The suspect exited from their vehicle and aimed a gun at the 20-year-old Hispanic transgender male victim. The suspect also spoke Spanish, kicked and used profanities against him. The crime was also classified by the LAPD as a hate crime with an ""Anti-Transgender"" bias. ","600 block of South Rampart Blvd., Los Angeles",Westlake ,,Semi-automatic pistol,266.0,HC-266.png
Robbery,9:03 p.m. October 23,"The suspect pushed and kicked the 28-year-old white transgender male victim, knocking him to the ground. The suspect then removed properties from the victim, who was targeted because of his sexual orientation. The crime was also classified by the LAPD as a hate crime with an ""Anti-Transgender"" bias. ","700 block of North Broadway, Los Angeles",Chinatown,,Strong arm,267.0,HC-267.png
Battery -- simple assault,11:15 a.m. October 27,"Multiple suspects overwhelmed the 58-year-old Hispanic male victim while using profanities at a parking lot. The victim was targeted because of his gender and the crime was also classified by the LAPD as a hate crime with an ""Anti-Hispanic / Latino"" bias.","Intersection of Flower St. and Adams Blvd., Los Angeles",University Park,,Strong arm,268.0,HC-268.png
Miscellaneous crime,11 p.m. October 31,"The suspect sprayed graffiti on the property of Wilshire Boulevard Temple, a local synagogue. The crime was also classified by the LAPD as a non-criminal ""hate incident."" ","3663 Wilshire Blvd., Los Angeles ",Koreatown,,No weapon used,269.0,HC-269.png
Battery -- simple assault,1:30 a.m. November 1,"The suspect hit the 39-year-old Hispanic transgender female victim who was homeless or transient. The victim was targeted because of her sexual orientation. The crime was also classified by the LAPD as a hate crime with an ""Anti-Transgender"" bias. ","Intersection of 7th and San Pedro St., Los Angeles",Downtown Los Angeles,,Strong arm,270.0,HC-270.png
Vandalism,9:32 a.m. November 1,"The suspect sprayed graffiti on the property of a local high school, causing $399 worth of damage or less.","700 block of S Catalina St., Los Angeles",Koreatown,,No weapon used,271.0,HC-271.png
Criminal threats,4 p.m. November 1,"The suspect sent a threatening email or text messsage to a victim of unknown age, sex and ethnicity. ","6800 block of Hollywood Blvd., Los Angeles",Hollywood,,Verbal threat,272.0,HC-272.png
Criminal threats,4:58 p.m. November 1,"The suspect threatened to kill a male victim, who was targeted because of his disability. The crime was also classified by the LAPD as a hate crime with an ""Anti-Jewish"" bias. ","5850 Laurel Canyon Blvd., Los Angeles",Valley Glen,,Verbal threat,273.0,HC-273.png
Aggravated assault,11:40 a.m. November 2,"The homeless or transient suspect attacked the 10-year-old Hispanic female victim, who was targeted due to her gender. The crime was also classified by the LAPD as a hate crime with an ""Anti-Hispanic or Latino"" bias. ","Intersection of Olympic Blvd. and Mirasol St., Los Angeles",Boyle Heights,,Other weapon,274.0,HC-274.png
Aggravated assault,11:40 a.m. November 2,"The homeless or transient suspect swung their weapon against the 50-year-old Hispanic female victim, who was targeted due to her gender. The crime was also classified by the LAPD as a hate crime with an ""Anti-Hispanic or Latino"" bias. ","Intersection of Olympic Blvd. and Mirasol St., Los Angeles",Boyle Heights,,Other weapon,275.0,HC-274.png
Aggravated assault,11:40 a.m. November 2,"The homeless or transient suspect swung their weapon against the Hispanic female victim of unknown age, who was targeted due to her gender. The crime was also classified by the LAPD as a hate crime with an ""Anti-Hispanic or Latino"" bias. ","Intersection of Olympic Blvd. and Mirasol St., Los Angeles",Boyle Heights,,Other weapon,276.0,HC-274.png
Violation of court order,11:05 a.m. November 5,The suspect violated a restraining order placed against them. The victim was a 34-year-old black man and was a neighbor of the suspect. ,"1200 block of 8th St., Los Angeles",Westlake,,No weapon used,277.0,HC-277.png
Aggravated assault,3:20 p.m. November 7,The suspect hit the 30-year-old Hispanic male victim with their car. The victim used racial slurs. ,"8200 block of Topanga Canyon Blvd., Los Angeles",Canoga Park ,,Vehicle ,278.0,HC-278.png
Battery -- simple assault,3:15 p.m. November 9,The suspect grabbed the 54-year-old black female victim who was on the sidewalk. ,"Intersection of Van Nuys Blvd. and Saticoy St., Los Angeles",Valley Glen,,Strong arm,279.0,HC-279.png
